180594;43.30;1017.3;-0.53;-0.07;10.00;3.61
180599;43.30;1017.3;-0.50;-0.04;-0.34;-0.53
180605;43.30;1017.3;-0.44;0.02;-0.98;-1.34
180609;43.40;1017.3;-0.39;0.08;-1.01;-1.37
180615;43.40;1017.3;-0.33;0.13;-0.88;-1.11
180619;43.40;1017.3;-0.29;0.17;-0.90;-1.14
180624;43.40;1017.3;-0.25;0.21;-0.93;-1.16
180629;43.40;1017.3;-0.20;0.28;-1.06;-1.77
180633;43.40;1017.3;-0.15;0.34;-1.09;-1.81
180638;43.40;1017.3;-0.11;0.41;-0.90;-2.13
180642;43.40;1017.3;-0.07;0.49;-0.92;-2.18
180648;43.40;1017.3;-0.04;0.53;-0.76;-1.15
180652;43.40;1017.3;0.00;0.56;-0.77;-1.17
180658;43.40;1017.3;0.03;0.62;-0.76;-1.58
180662;43.40;1017.3;0.06;0.67;-0.77;-1.61
180668;43.40;1017.3;0.17;0.72;-2.45;-1.51
180672;43.30;1017.3;0.27;0.77;-2.50;-1.55
180676;43.30;1017.3;0.41;0.83;-3.77;-2.07
180681;43.30;1017.3;0.55;0.89;-3.85;-2.12
180685;43.30;1017.3;0.72;0.96;-4.89;-2.39
180690;43.40;1017.3;0.90;1.03;-4.99;-2.44
180695;43.40;1017.3;1.13;1.09;-5.54;-1.91
180700;43.40;1017.3;1.33;1.14;-5.65;-1.95
180705;43.40;1017.3;1.62;1.19;-7.10;-1.67
180710;43.30;1017.3;1.87;1.23;-7.24;-1.71
180715;43.30;1017.3;2.16;1.26;-7.23;-1.42
180720;43.30;1017.3;2.41;1.29;-7.38;-1.45
180725;43.30;1017.3;2.64;1.32;-7.52;-1.48
180729;43.40;1017.2;2.88;1.33;-7.58;-1.04
180744;43.40;1017.2;3.56;1.33;-7.39;-0.86
180749;43.50;1017.2;3.78;1.31;-6.84;-0.31
180755;43.50;1017.2;4.00;1.29;-6.97;-0.31
180760;43.50;1017.2;4.20;1.24;-7.09;0.34
180765;43.50;1017.2;4.42;1.19;-7.23;0.36
180770;43.60;1017.2;4.59;1.14;-6.48;0.46
180775;43.60;1017.2;4.73;1.09;-6.57;0.48
180779;43.60;1017.2;4.85;1.04;-5.92;0.61
180783;43.60;1017.2;4.97;0.99;-5.99;0.63
180788;43.60;1017.2;5.04;0.93;-4.85;0.96
180792;43.60;1017.2;5.11;0.87;-4.90;0.99
180798;43.60;1017.2;5.15;0.78;-3.96;1.49
180802;43.60;1017.2;5.19;0.70;-3.99;1.53
180808;43.60;1017.2;5.20;0.60;-3.38;1.76
180812;43.60;1017.2;5.21;0.52;-3.40;1.81
180818;43.60;1017.2;5.20;0.39;-2.87;2.26
180822;43.60;1017.2;5.19;0.30;-2.88;2.32
180827;43.60;1017.2;5.14;0.18;-2.06;2.75
180831;43.60;1017.2;5.10;0.07;-2.05;2.83
180835;43.60;1017.2;5.06;-0.04;-2.04;2.90
180840;43.60;1017.2;4.99;-0.17;-1.39;3.11
180846;43.60;1017.2;4.89;-0.33;-0.84;3.38
180851;43.60;1017.2;4.80;-0.46;-0.80;3.48
180856;43.60;1017.2;4.68;-0.62;-0.32;3.62
180861;43.60;1017.2;4.57;-0.76;-0.27;3.71
180866;43.70;1017.2;4.45;-0.92;-0.07;3.88
180871;43.70;1017.2;4.33;-1.06;-0.02;3.98
180876;43.70;1017.2;4.23;-1.20;0.02;4.07
180880;43.70;1017.2;4.12;-1.33;0.27;4.18
180885;43.60;1017.2;4.01;-1.47;0.32;4.27
180889;43.60;1017.2;3.89;-1.61;0.48;4.34
180894;43.60;1017.2;3.78;-1.74;0.53;4.43
180899;43.60;1017.2;3.65;-1.89;0.53;4.30
180904;43.60;1017.2;3.54;-2.02;0.58;4.39
180909;43.60;1017.2;3.40;-2.17;0.74;4.39
180914;43.60;1017.2;3.29;-2.29;0.79;4.48
180919;43.60;1017.2;3.16;-2.42;0.80;4.18
180923;43.60;1017.2;3.05;-2.53;0.86;4.26
180928;43.60;1017.2;2.96;-2.64;0.55;4.32
180932;43.60;1017.2;2.86;-2.75;0.60;4.39
180937;43.60;1017.2;2.77;-2.85;0.64;4.46
180941;43.60;1017.2;2.68;-2.97;0.69;4.54
180947;43.60;1017.2;2.57;-3.09;0.63;4.29
180951;43.60;1017.2;2.48;-3.18;0.68;4.36
180957;43.60;1017.2;2.39;-3.27;0.35;3.80
180961;43.70;1017.2;2.32;-3.35;0.39;3.86
180967;43.70;1017.2;2.24;-3.43;0.21;3.73
180972;43.70;1017.2;2.17;-3.50;0.25;3.78
180976;43.70;1017.2;2.11;-3.57;0.28;3.83
180981;43.80;1017.2;2.05;-3.62;0.08;3.48
180995;43.80;1017.2;1.91;-3.76;-0.11;3.34
181001;43.90;1017.2;1.87;-3.80;-0.32;3.17
181006;43.90;1017.2;1.83;-3.84;-0.29;3.20
181011;43.90;1017.2;1.80;-3.87;-0.55;2.91
181017;43.90;1017.2;1.77;-3.90;-0.53;2.93
181022;43.90;1017.2;1.75;-3.91;-0.67;2.70
181026;43.90;1017.2;1.74;-3.93;-0.66;2.71
181031;43.90;1017.2;1.74;-3.93;-1.15;2.54
181035;43.90;1017.2;1.74;-3.94;-1.15;2.54
181040;44.00;1017.2;1.75;-3.93;-1.28;2.25
181044;44.00;1017.2;1.75;-3.93;-1.28;2.25
181049;44.00;1017.2;1.76;-3.91;-1.30;2.01
181054;44.00;1017.2;1.77;-3.90;-1.31;2.00
181059;44.10;1017.2;1.79;-3.87;-1.50;1.77
181064;44.10;1017.2;1.80;-3.85;-1.50;1.76
181069;44.10;1017.2;1.82;-3.81;-1.54;1.47
181074;44.10;1017.2;1.84;-3.77;-1.55;1.45
181078;44.10;1017.2;1.86;-3.73;-1.80;1.15
181083;44.10;1017.2;1.88;-3.69;-1.81;1.13
181087;44.10;1017.2;1.91;-3.64;-1.82;1.10
181092;44.10;1017.2;1.94;-3.59;-1.87;0.90
181098;44.20;1017.2;1.97;-3.52;-1.99;0.82
181102;44.20;1017.2;2.00;-3.47;-2.01;0.79
181108;44.20;1017.2;2.03;-3.40;-1.91;0.60
181112;44.20;1017.2;2.06;-3.34;-1.92;0.57
181118;44.30;1017.1;2.09;-3.25;-1.90;0.30
181123;44.30;1017.1;2.11;-3.18;-1.91;0.26
181127;44.30;1017.1;2.13;-3.12;-1.92;0.22
181132;44.30;1017.1;2.16;-3.05;-1.93;0.20
181136;44.40;1017.1;2.18;-2.98;-1.94;0.16
181141;44.40;1017.1;2.20;-2.92;-1.99;0.29
181155;44.40;1017.1;2.28;-2.74;-2.03;0.24
181161;44.40;1017.1;2.30;-2.67;-1.92;0.20
181165;44.40;1017.1;2.32;-2.61;-1.93;0.17
181171;44.40;1017.1;2.34;-2.55;-1.91;0.28
181175;44.40;1017.1;2.36;-2.50;-1.92;0.25
181180;44.50;1017.1;2.38;-2.45;-2.01;0.34
181184;44.50;1017.1;2.40;-2.41;-2.02;0.31
181189;44.50;1017.1;2.41;-2.36;-1.85;0.38
181193;44.50;1017.1;2.43;-2.32;-1.86;0.35
181199;44.60;1017.1;2.44;-2.27;-1.89;0.43
181203;44.60;1017.1;2.46;-2.23;-1.89;0.41
181209;44.60;1017.1;2.47;-2.19;-1.85;0.52
181213;44.60;1017.1;2.48;-2.16;-1.85;0.50
181219;44.80;1017.1;2.49;-2.12;-1.63;0.58
181223;44.80;1017.1;2.49;-2.09;-1.64;0.56
181228;44.80;1017.1;2.49;-2.06;-1.64;0.54
181232;44.80;1017.1;2.49;-2.04;-1.61;0.68
181237;44.80;1017.1;2.49;-2.01;-1.61;0.67
181241;44.80;1017.1;2.49;-2.00;-1.43;0.78
181246;44.80;1017.1;2.48;-1.98;-1.43;0.77
181251;44.80;1017.1;2.47;-1.96;-1.42;0.93
181256;45.00;1017.1;2.47;-1.95;-1.42;0.93
181261;45.00;1017.1;2.46;-1.94;-1.31;0.97
181266;45.00;1017.1;2.45;-1.93;-1.30;0.97
181271;45.00;1017.1;2.43;-1.93;-1.12;1.07
181276;45.10;1017.0;2.41;-1.92;-1.11;1.07
181280;45.10;1017.0;2.39;-1.92;-1.05;1.23
181285;45.30;1017.0;2.37;-1.92;-1.04;1.23
181299;45.30;1017.0;2.30;-1.97;-0.93;1.60
181304;45.30;1017.0;2.28;-1.98;-0.92;1.61
181309;45.30;1017.0;2.24;-2.00;-0.63;1.67
181314;45.40;1017.0;2.21;-2.02;-0.61;1.68
181319;45.40;1017.0;2.17;-2.05;-0.47;1.98
181324;45.40;1017.0;2.13;-2.08;-0.45;2.00
181328;45.40;1017.0;2.09;-2.11;-0.43;2.02
181333;45.50;1017.0;2.05;-2.14;-0.26;2.03
181338;45.50;1017.0;2.00;-2.17;-0.23;2.05
181342;45.50;1017.0;1.96;-2.19;-0.12;2.04
181346;45.50;1017.0;1.91;-2.22;-0.09;2.05
181352;45.70;1017.0;1.86;-2.26;-0.07;2.26
181356;45.70;1017.0;1.81;-2.29;-0.04;2.28
181362;45.70;1017.0;1.75;-2.33;0.08;2.27
181366;45.70;1017.0;1.71;-2.37;0.10;2.29
181372;45.70;1017.0;1.65;-2.40;0.06;2.23
181376;45.70;1017.0;1.61;-2.43;0.08;2.25
181381;45.70;1017.0;1.56;-2.45;0.15;2.13
181385;45.70;1017.0;1.51;-2.48;0.18;2.15
181390;45.80;1017.0;1.47;-2.49;0.20;2.00
181394;45.80;1017.0;1.42;-2.51;0.23;2.02
181400;45.80;1017.0;1.36;-2.53;0.23;1.86
181404;45.80;1017.0;1.32;-2.54;0.26;1.88
181410;45.90;1017.0;1.26;-2.54;0.24;1.68
181414;45.90;1017.0;1.22;-2.55;0.26;1.69
181420;45.90;1017.0;1.17;-2.53;0.15;1.32
181425;45.90;1017.0;1.13;-2.52;0.17;1.32
181429;46.00;1017.0;1.10;-2.51;0.20;1.32
181434;46.00;1016.9;1.06;-2.49;0.18;1.01
181438;46.00;1016.9;1.02;-2.47;0.21;1.00
181443;46.00;1016.9;0.99;-2.44;0.06;0.81
181447;46.00;1016.9;0.96;-2.41;0.08;0.79
181453;46.10;1016.9;0.93;-2.36;0.00;0.55
181457;46.10;1016.9;0.90;-2.33;0.02;0.53
181462;46.10;1016.9;0.87;-2.27;-0.01;0.35
181467;46.30;1016.9;0.85;-2.23;0.01;0.32
181472;46.30;1016.9;0.82;-2.17;-0.03;0.08
181477;46.30;1016.9;0.80;-2.12;-0.01;0.05
181481;46.50;1016.9;0.78;-2.06;-0.03;-0.16
181496;46.50;1016.9;0.71;-1.86;-0.03;-0.35
181501;46.50;1016.9;0.70;-1.79;-0.16;-0.35
181506;46.60;1016.9;0.68;-1.73;-0.15;-0.39
181511;46.60;1016.9;0.67;-1.65;-0.28;-0.45
181516;46.60;1016.9;0.66;-1.59;-0.27;-0.49
181521;46.60;1016.9;0.66;-1.52;-0.43;-0.58
181526;46.60;1016.9;0.66;-1.46;-0.43;-0.62
181530;46.80;1016.8;0.66;-1.39;-0.47;-0.64
181535;46.80;1016.8;0.65;-1.33;-0.47;-0.67
181540;46.80;1016.8;0.65;-1.27;-0.46;-0.71
181544;46.80;1016.8;0.66;-1.21;-0.58;-0.61
181549;46.90;1016.8;0.66;-1.15;-0.58;-0.65
181555;46.90;1016.8;0.67;-1.08;-0.72;-0.62
181560;46.90;1016.8;0.68;-1.02;-0.72;-0.66
181565;47.10;1016.8;0.69;-0.96;-0.78;-0.59
181571;47.10;1016.8;0.71;-0.90;-0.83;-0.67
181576;47.10;1016.8;0.72;-0.84;-0.83;-0.70
181580;47.10;1016.8;0.73;-0.79;-0.83;-0.73
181585;47.10;1016.8;0.75;-0.74;-1.06;-0.66
181589;47.30;1016.8;0.77;-0.70;-1.07;-0.69
181594;47.30;1016.8;0.79;-0.65;-1.08;-0.67
181598;47.30;1016.8;0.81;-0.61;-1.09;-0.69
181604;47.30;1016.8;0.84;-0.55;-1.29;-0.66
181608;47.50;1016.8;0.87;-0.51;-1.30;-0.69
181614;47.50;1016.8;0.91;-0.46;-1.52;-0.61
181618;47.50;1016.8;0.95;-0.42;-1.54;-0.64
181624;47.50;1016.8;0.99;-0.38;-1.66;-0.52
181628;47.60;1016.7;1.03;-0.35;-1.68;-0.55
181633;47.60;1016.7;1.07;-0.32;-1.73;-0.55
181647;47.80;1016.7;1.21;-0.22;-1.91;-0.50
181653;47.80;1016.7;1.26;-0.19;-1.96;-0.43
181657;47.80;1016.7;1.31;-0.17;-1.99;-0.45
181663;47.80;1016.7;1.36;-0.15;-2.01;-0.30
181667;48.00;1016.7;1.40;-0.13;-2.03;-0.31
181673;48.00;1016.7;1.46;-0.11;-2.13;-0.22
181677;48.00;1016.7;1.50;-0.10;-2.16;-0.23
181682;48.00;1016.7;1.55;-0.08;-2.18;-0.24
181686;48.10;1016.7;1.60;-0.07;-2.33;-0.14
181691;48.10;1016.7;1.65;-0.06;-2.36;-0.15
181696;48.10;1016.7;1.71;-0.06;-2.38;0.05
181701;48.10;1016.7;1.77;-0.05;-2.41;0.04
181706;48.30;1016.7;1.82;-0.05;-2.57;0.15
181711;48.30;1016.7;1.89;-0.06;-2.57;0.30
181716;48.30;1016.7;1.94;-0.07;-2.61;0.30
181722;48.60;1016.7;2.01;-0.08;-2.60;0.42
181727;48.60;1016.6;2.06;-0.10;-2.64;0.43
181731;48.60;1016.6;2.11;-0.11;-2.67;0.43
181736;48.60;1016.6;2.17;-0.13;-2.74;0.60
181740;48.60;1016.6;2.22;-0.14;-2.77;0.60
181745;48.70;1016.6;2.27;-0.16;-2.80;0.66
181749;48.70;1016.6;2.32;-0.18;-2.83;0.66
181755;48.70;1016.6;2.39;-0.21;-2.84;0.83
181759;48.70;1016.6;2.44;-0.24;-2.87;0.84
181765;48.90;1016.6;2.50;-0.27;-2.94;1.01
181769;48.90;1016.6;2.55;-0.30;-2.98;1.02
181774;48.90;1016.6;2.61;-0.34;-2.95;1.07
181779;48.90;1016.6;2.66;-0.37;-2.98;1.08
181783;49.10;1016.6;2.71;-0.40;-2.99;1.17
181788;49.10;1016.6;2.76;-0.44;-3.02;1.18
181792;49.40;1016.5;2.81;-0.47;-3.07;1.30
181807;49.40;1016.5;2.99;-0.61;-3.28;1.49
181812;49.40;1016.5;3.05;-0.66;-3.29;1.49
181817;49.40;1016.5;3.11;-0.70;-3.32;1.51
181822;49.60;1016.5;3.17;-0.74;-3.37;1.50
181827;49.60;1016.5;3.23;-0.79;-3.41;1.52
181832;49.60;1016.5;3.28;-0.82;-3.44;1.53
181836;49.60;1016.5;3.34;-0.86;-3.47;1.42
181841;49.80;1016.5;3.39;-0.89;-3.50;1.43
181845;49.80;1016.5;3.44;-0.92;-3.51;1.36
181850;49.80;1016.5;3.49;-0.95;-3.55;1.37
181855;49.80;1016.5;3.55;-0.98;-3.47;1.31
181860;50.00;1016.5;3.60;-1.00;-3.50;1.32
181865;50.00;1016.5;3.65;-1.03;-3.36;1.20
181870;50.00;1016.5;3.69;-1.05;-3.38;1.21
181875;50.00;1016.5;3.73;-1.07;-3.26;1.18
181880;50.10;1016.4;3.77;-1.08;-3.28;1.18
181884;50.10;1016.4;3.80;-1.10;-3.13;1.06
181889;50.10;1016.4;3.83;-1.11;-3.15;1.06
181893;50.10;1016.4;3.85;-1.12;-3.04;1.01
181897;50.30;1016.4;3.87;-1.13;-3.06;1.02
181903;50.30;1016.4;3.89;-1.14;-2.94;0.95
181908;50.30;1016.4;3.91;-1.14;-2.95;0.95
181913;50.30;1016.4;3.93;-1.15;-2.87;0.92
181918;50.40;1016.4;3.95;-1.16;-2.88;0.92
181923;50.40;1016.4;3.96;-1.16;-2.74;0.87
181928;50.40;1016.4;3.97;-1.16;-2.74;0.87
181932;50.40;1016.4;3.97;-1.17;-2.75;0.87
181937;50.70;1016.4;3.98;-1.17;-2.64;0.88
181941;50.70;1016.4;3.98;-1.18;-2.65;0.89
181956;50.90;1016.4;3.96;-1.18;-2.31;0.85
181961;50.90;1016.3;3.95;-1.18;-2.31;0.85
181966;50.90;1016.3;3.93;-1.19;-2.20;0.86
181970;50.90;1016.3;3.92;-1.19;-2.20;0.87
181976;51.10;1016.3;3.90;-1.19;-2.15;0.86
181980;51.10;1016.3;3.89;-1.19;-2.15;0.87
181985;51.10;1016.3;3.87;-1.20;-2.01;0.88
181989;51.10;1016.3;3.85;-1.20;-2.00;0.88
181994;51.10;1016.3;3.83;-1.21;-1.85;0.97
181998;51.30;1016.3;3.80;-1.21;-1.84;0.98
182004;51.30;1016.3;3.77;-1.22;-1.78;1.09
182008;51.30;1016.3;3.75;-1.23;-1.77;1.10
182014;51.50;1016.3;3.71;-1.25;-1.67;1.10
182018;51.50;1016.3;3.68;-1.26;-1.65;1.11
182024;51.50;1016.3;3.65;-1.27;-1.58;1.12
182029;51.50;1016.3;3.61;-1.28;-1.56;1.14
182033;51.50;1016.3;3.58;-1.29;-1.54;1.15
182038;51.80;1016.2;3.55;-1.31;-1.56;1.21
182042;51.80;1016.2;3.52;-1.32;-1.54;1.22
182047;51.80;1016.2;3.49;-1.33;-1.34;1.29
182051;51.80;1016.2;3.45;-1.35;-1.32;1.30
182057;52.10;1016.2;3.40;-1.37;-1.25;1.33
182061;52.10;1016.2;3.37;-1.39;-1.23;1.34
182066;52.10;1016.2;3.32;-1.40;-1.27;1.32
182071;52.10;1016.2;3.29;-1.42;-1.25;1.33
182076;52.40;1016.2;3.25;-1.44;-1.38;1.27
182081;52.40;1016.2;3.22;-1.45;-1.36;1.29
182085;52.40;1016.2;3.19;-1.45;-1.39;1.09
182090;52.80;1016.1;3.16;-1.46;-1.37;1.10
182104;52.80;1016.1;3.08;-1.44;-1.37;0.83
182109;52.80;1016.1;3.05;-1.43;-1.35;0.83
182114;53.00;1016.1;3.02;-1.42;-1.42;0.72
182119;53.00;1016.1;3.00;-1.41;-1.40;0.71
182124;53.00;1016.1;2.98;-1.39;-1.48;0.51
182129;53.00;1016.1;2.96;-1.37;-1.47;0.50
182134;53.40;1016.0;2.94;-1.36;-1.45;0.49
182138;53.40;1016.0;2.92;-1.33;-1.47;0.26
182143;53.40;1016.0;2.90;-1.31;-1.45;0.25
182147;53.40;1016.0;2.88;-1.27;-1.47;0.05
182152;53.70;1016.0;2.86;-1.24;-1.45;0.03
182157;53.70;1016.0;2.85;-1.20;-1.49;-0.10
182162;53.70;1016.0;2.83;-1.16;-1.48;-0.11
182167;53.70;1016.0;2.81;-1.11;-1.46;-0.31
182172;54.00;1016.0;2.79;-1.07;-1.45;-0.33
182177;54.00;1016.0;2.78;-1.00;-1.50;-0.57
182182;54.00;1016.0;2.76;-0.95;-1.49;-0.60
182186;54.00;1016.0;2.75;-0.89;-1.43;-0.83
182191;54.40;1016.0;2.73;-0.84;-1.41;-0.86
182195;54.40;1015.9;2.71;-0.78;-1.45;-0.87
182199;54.40;1015.9;2.70;-0.72;-1.43;-0.90
182205;54.40;1015.9;2.68;-0.65;-1.41;-1.04
182210;54.60;1015.9;2.66;-0.59;-1.39;-1.08
182215;54.60;1015.9;2.64;-0.51;-1.39;-1.17
182220;54.60;1015.9;2.63;-0.44;-1.37;-1.21
182225;54.60;1015.9;2.61;-0.37;-1.41;-1.31
182230;54.90;1015.9;2.60;-0.30;-1.39;-1.35
182234;54.90;1015.9;2.58;-0.23;-1.37;-1.38
182249;55.10;1015.8;2.52;0.00;-1.24;-1.67
182255;55.10;1015.8;2.50;0.09;-1.20;-1.72
182260;55.10;1015.8;2.47;0.17;-1.19;-1.83
182265;55.10;1015.8;2.45;0.26;-1.24;-2.00
182270;55.40;1015.8;2.44;0.34;-1.22;-2.05
182275;55.40;1015.8;2.41;0.44;-1.16;-2.11
182280;55.40;1015.8;2.39;0.52;-1.13;-2.16
182285;55.40;1015.8;2.37;0.60;-1.10;-2.20
182289;55.70;1015.8;2.35;0.68;-1.13;-2.28
182294;55.70;1015.8;2.33;0.76;-1.10;-2.32
182298;55.70;1015.8;2.31;0.84;-1.10;-2.47
182303;55.70;1015.8;2.29;0.92;-1.07;-2.51
182308;56.00;1015.7;2.27;1.02;-1.07;-2.54
182313;56.00;1015.7;2.25;1.10;-1.04;-2.59
182318;56.00;1015.7;2.22;1.20;-1.05;-2.66
182322;56.00;1015.7;2.20;1.28;-1.02;-2.70
182328;56.30;1015.7;2.17;1.38;-0.92;-2.85
182332;56.30;1015.7;2.15;1.47;-0.89;-2.90
182337;56.30;1015.7;2.12;1.55;-0.76;-2.99
182341;56.30;1015.7;2.09;1.64;-0.72;-3.03
182346;56.70;1015.7;2.06;1.72;-0.59;-2.97
182351;56.70;1015.6;2.02;1.80;-0.55;-3.01
182356;56.70;1015.6;1.97;1.90;-0.38;-3.11
182360;56.70;1015.6;1.93;1.98;-0.34;-3.15
182366;57.00;1015.6;1.88;2.09;-0.27;-3.33
182371;57.00;1015.6;1.84;2.18;-0.23;-3.37
182376;57.00;1015.6;1.78;2.28;-0.13;-3.33
182381;57.00;1015.6;1.73;2.37;-0.08;-3.37
182385;57.30;1015.6;1.68;2.45;-0.04;-3.41
182390;57.30;1015.6;1.63;2.54;0.15;-3.66
182394;57.30;1015.6;1.57;2.63;0.20;-3.70
182399;57.60;1015.5;1.52;2.71;0.28;-3.81
182413;57.60;1015.5;1.33;3.01;0.43;-4.03
182419;57.60;1015.5;1.26;3.13;0.52;-4.14
182423;58.00;1015.5;1.20;3.22;0.58;-4.18
182429;58.00;1015.5;1.12;3.34;0.72;-4.27
182433;58.00;1015.5;1.06;3.43;0.78;-4.32
182438;58.00;1015.5;0.99;3.52;0.89;-4.42
182442;58.00;1015.5;0.92;3.62;0.95;-4.46
182447;58.30;1015.5;0.85;3.71;1.11;-4.43
182451;58.30;1015.5;0.78;3.80;1.18;-4.47
182457;58.30;1015.5;0.69;3.91;1.27;-4.61
182461;58.30;1015.5;0.61;4.00;1.34;-4.65
182467;58.70;1015.4;0.51;4.12;1.44;-4.80
182471;58.70;1015.4;0.43;4.22;1.51;-4.84
182477;58.70;1015.4;0.33;4.33;1.63;-4.87
182481;58.70;1015.4;0.24;4.43;1.71;-4.91
182486;59.00;1015.4;0.16;4.52;1.78;-4.95
182491;59.00;1015.4;0.07;4.62;1.89;-4.93
182495;59.00;1015.4;-0.01;4.70;1.96;-4.96
182499;59.00;1015.4;-0.10;4.79;1.94;-4.91
182504;59.40;1015.3;-0.18;4.87;2.01;-4.94
182509;59.40;1015.3;-0.28;4.96;2.06;-4.80
182514;59.40;1015.3;-0.37;5.04;2.14;-4.82
182519;59.40;1015.3;-0.47;5.13;2.17;-4.84
182524;59.70;1015.3;-0.55;5.20;2.24;-4.86
182529;59.70;1015.3;-0.66;5.28;2.37;-4.80
182534;59.70;1015.3;-0.75;5.35;2.44;-4.82
182538;59.70;1015.3;-0.83;5.41;2.39;-4.82
182543;60.10;1015.2;-0.91;5.47;2.45;-4.83
182547;60.10;1015.2;-0.99;5.54;2.31;-4.90
182552;60.10;1015.2;-1.07;5.60;2.37;-4.92
182557;60.10;1015.2;-1.16;5.68;2.35;-4.96
182562;60.40;1015.2;-1.23;5.75;2.42;-4.97
182567;60.40;1015.2;-1.33;5.82;2.47;-4.97
182572;60.40;1015.2;-1.40;5.88;2.54;-4.98
182577;60.40;1015.2;-1.50;5.95;2.73;-4.90
182582;60.70;1015.2;-1.59;6.01;2.80;-4.91
182587;60.70;1015.2;-1.67;6.06;2.86;-4.92
182591;61.00;1015.1;-1.75;6.12;2.70;-4.96
182606;61.00;1015.1;-1.98;6.28;2.78;-4.99
182611;61.00;1015.1;-2.07;6.34;2.84;-5.03
182617;61.00;1015.1;-2.16;6.40;2.91;-5.04
182622;61.40;1015.1;-2.23;6.46;2.83;-5.22
182627;61.40;1015.1;-2.31;6.53;2.83;-5.27
182632;61.40;1015.1;-2.39;6.59;2.89;-5.28
182637;61.40;1015.1;-2.45;6.64;2.95;-5.29
182641;61.70;1015.0;-2.52;6.70;3.06;-5.39
182646;61.70;1015.0;-2.59;6.76;3.12;-5.40
182650;61.70;1015.0;-2.67;6.81;3.18;-5.45
182655;61.70;1015.0;-2.74;6.87;3.25;-5.46
182660;62.10;1015.0;-2.83;6.93;3.36;-5.56
182665;62.10;1015.0;-2.90;6.99;3.43;-5.56
182670;62.10;1015.0;-3.00;7.06;3.55;-5.55
182675;62.10;1015.0;-3.08;7.11;3.62;-5.56
182680;62.50;1015.0;-3.18;7.17;3.82;-5.55
182685;62.50;1015.0;-3.26;7.22;3.89;-5.55
182689;62.50;1015.0;-3.35;7.26;3.99;-5.51
182694;62.50;1015.0;-3.44;7.31;4.06;-5.51
182698;62.80;1014.9;-3.53;7.35;4.33;-5.32
182703;62.80;1014.9;-3.63;7.38;4.40;-5.31
182708;62.80;1014.9;-3.76;7.41;4.58;-5.00
182713;62.80;1014.9;-3.86;7.43;4.65;-4.97
182718;63.10;1014.9;-3.98;7.45;4.79;-4.75
182723;63.10;1014.9;-4.09;7.46;4.86;-4.72
182728;63.10;1014.9;-4.21;7.46;4.91;-4.53
182733;63.10;1014.9;-4.32;7.46;4.98;-4.49
182738;63.30;1014.8;-4.42;7.46;5.04;-4.45
182742;63.30;1014.8;-4.53;7.45;5.11;-4.25
182747;63.30;1014.8;-4.63;7.44;5.17;-4.20
182751;63.70;1014.8;-4.74;7.42;5.27;-3.84
182766;63.70;1014.8;-5.07;7.29;5.43;-3.42
182771;63.70;1014.8;-5.18;7.23;5.32;-3.13
182776;64.00;1014.8;-5.28;7.18;5.35;-3.06
182781;64.00;1014.8;-5.39;7.11;5.34;-2.86
182786;64.00;1014.8;-5.48;7.05;5.37;-2.78
182790;64.00;1014.8;-5.56;6.99;5.18;-2.59
182795;63.70;1014.8;-5.64;6.92;5.20;-2.52
182799;63.70;1014.8;-5.72;6.86;5.25;-2.45
182804;63.70;1014.8;-5.79;6.79;5.26;-2.38
182809;63.70;1014.8;-5.84;6.71;4.24;-2.34
182813;64.00;1014.8;-5.87;6.64;4.23;-2.28
182819;64.00;1014.8;-5.93;6.57;4.67;-2.62
182823;64.00;1014.8;-5.98;6.52;4.67;-2.57
182829;64.00;1014.8;-6.06;6.48;5.06;-3.11
182834;64.30;1014.8;-6.13;6.44;5.09;-3.06
182838;64.30;1014.7;-6.19;6.41;5.11;-3.01
182843;64.30;1014.7;-6.28;6.40;5.75;-3.55
182847;64.30;1014.7;-6.36;6.38;5.80;-3.50
182852;64.30;1014.7;-6.47;6.39;6.48;-4.06
182856;64.60;1014.7;-6.58;6.40;6.55;-4.02
182862;64.60;1014.7;-6.74;6.42;7.25;-4.40
182866;64.60;1014.7;-6.88;6.44;7.34;-4.35
182872;64.60;1014.7;-7.07;6.48;8.11;-4.72
182876;64.90;1014.7;-7.23;6.50;8.23;-4.66
182882;64.90;1014.7;-7.46;6.55;9.06;-5.01
182886;64.90;1014.7;-7.65;6.59;9.20;-4.94
182891;64.90;1014.7;-7.87;6.64;10.00;-5.24
182895;65.20;1014.6;-8.08;6.68;10.00;-5.17
182910;65.20;1014.6;-8.98;6.88;10.00;-5.69
182914;65.50;1014.6;-9.26;6.93;10.00;-5.45
182920;65.50;1014.6;-9.64;6.99;10.00;-5.66
182924;65.50;1014.6;-9.95;7.04;10.00;-5.53
182930;65.50;1014.6;-10.37;7.10;10.00;-5.58
182934;65.90;1014.5;-10.74;7.15;10.00;-5.43
182939;65.90;1014.5;-11.09;7.19;10.00;-5.29
182944;65.90;1014.5;-11.52;7.23;10.00;-5.41
182948;65.90;1014.5;-11.93;7.26;10.00;-5.24
182952;66.20;1014.5;-12.34;7.28;10.00;-5.06
182957;66.20;1014.5;-12.76;7.30;10.00;-4.88
182962;66.20;1014.5;-13.31;7.32;10.00;-4.78
182967;66.20;1014.5;-13.77;7.32;10.00;-4.55
182972;66.60;1014.5;-14.41;7.31;10.00;-4.29
182977;66.60;1014.5;-14.94;7.29;10.00;-4.00
182982;66.60;1014.5;-15.63;7.25;10.00;-3.57
182987;66.60;1014.5;-16.20;7.20;10.00;-3.25
182991;66.90;1014.4;-16.80;7.14;10.00;-2.80
182996;66.90;1014.4;-17.39;7.07;10.00;-2.47
183010;67.10;1014.4;-19.62;6.68;10.00;-1.08
183015;67.10;1014.4;-20.30;6.53;10.00;-0.29
183020;67.10;1014.4;-21.18;6.31;10.00;0.61
183025;67.10;1014.4;-21.88;6.12;10.00;1.10
183030;67.40;1014.4;-22.80;5.85;10.00;2.08
183035;67.40;1014.4;-23.59;5.59;10.00;2.64
183039;67.40;1014.4;-24.32;5.33;10.00;3.16
183044;67.40;1014.4;-25.14;5.03;10.00;4.18
183049;67.80;1014.4;-25.90;4.73;10.00;4.73
183053;67.80;1014.3;-26.70;4.39;10.00;5.83
183057;67.80;1014.3;-27.50;4.04;10.00;6.42
183063;67.80;1014.3;-28.51;3.56;10.00;7.68
183067;68.10;1014.3;-29.34;3.15;10.00;8.35
183073;68.10;1014.3;-30.38;2.60;10.00;9.79
183077;68.10;1014.3;-31.22;2.13;10.00;10.00
183083;68.10;1014.3;-32.30;1.50;10.00;10.00
183087;68.30;1014.3;-33.16;0.97;10.00;10.00
183092;68.30;1014.3;-34.04;0.39;10.00;10.00
183096;68.60;1014.3;-34.91;-0.20;10.00;10.00
183111;68.60;1014.2;-37.86;-2.47;10.00;10.00
183115;68.60;1014.2;-38.76;-3.21;10.00;10.00
183121;68.60;1014.2;-39.88;-4.18;10.00;10.00
